{
    "Train_RMSE": 31146.888168893394,
    "Test_RMSE": 37834.546100981956,
    "Train_R2": 0.8373509182023408,
    "Test_R2": 0.8133778355702719,
    "timestamp": "2025-10-26 02:10:21"
}