{
    "best_params": {
        "elasticnet_alpha": 0.0070585856200859375,
        "elasticnet_l1_ratio": 0.7245119239776634,
        "ridge_alpha": 0.010088098921398616
    },
    "train_rmse": 0.0013146490502147824,
    "test_rmse": 0.02671083367337723,
    "train_mae": 0.0005621207229904087,
    "test_mae": 0.00665441084960082,
    "train_r2": 0.999998208385446,
    "test_r2": 0.9993712547466287,
    "timestamp": "2025-10-31 11:25:37"
}