{
    "best_params": {
        "elasticnet_alpha": 0.0015018034183848627,
        "elasticnet_l1_ratio": 0.26319705983285624,
        "ridge_alpha": 0.010917340608281834
    },
    "train_rmse": 0.001391788153263779,
    "test_rmse": 0.026620999847111946,
    "train_mae": 0.0005974058813114891,
    "test_mae": 0.006763954100307779,
    "train_r2": 0.9999979919654138,
    "test_r2": 0.9993754768245668,
    "timestamp": "2025-11-01 19:07:02"
}