{
    "Train_RMSE": 19221.68533603246,
    "Test_RMSE": 30386.487893201218,
    "Train_R2": 0.9380551485639959,
    "Test_R2": 0.8796219845749855,
    "timestamp": "2025-10-26 02:10:21"
}