{
    "Train_RMSE": 18909.971068489118,
    "Test_RMSE": 65335.60474306067,
    "Train_R2": 0.9400479528140301,
    "Test_R2": 0.44347331106444665,
    "timestamp": "2025-10-26 02:10:21"
}