{
    "Train_RMSE": 21521.34865233491,
    "Test_RMSE": 30556.140599815506,
    "Train_R2": 0.9223464606173417,
    "Test_R2": 0.8782740520890971,
    "timestamp": "2025-10-26 02:10:21"
}